"NATMON_IND","Indicator","LOCATION","Country","TIME","Time","Value","Flag Codes","Flags"
"MYS_1T8_AG25T99_F","Mean years of schooling (ISCED 1 or higher), population 25+ years, female","AUS","Australia","2009","2009",11.96806,,
"MYS_1T8_AG25T99_F","Mean years of schooling (ISCED 1 or higher), population 25+ years, female","AUS","Australia","2018","2018",12.61787,,
"MYS_1T8_AG25T99","Mean years of schooling (ISCED 1 or higher), population 25+ years, both sexes","LVA","Latvia","2009","2009",12.45603,,
"MYS_1T8_AG25T99","Mean years of schooling (ISCED 1 or higher), population 25+ years, both sexes","LVA","Latvia","2018","2018",13.18325,,
"MYS_1T8_AG25T99","Mean years of schooling (ISCED 1 or higher), population 25+ years, both sexes","SVN","Slovenia","2009","2009",12.02531,,
"MYS_1T8_AG25T99","Mean years of schooling (ISCED 1 or higher), population 25+ years, both sexes","BIH","Bosnia and Herzegovina","2018","2018",9.81238,,
"MYS_1T8_AG25T99","Mean years of schooling (ISCED 1 or higher), population 25+ years, both sexes","GEO","Georgia","2018","2018",13.34078,,
"MYS_1T8_AG25T99_F","Mean years of schooling (ISCED 1 or higher), population 25+ years, female","NER","Niger","2018","2018",0.86577,,
"MYS_1T8_AG25T99","Mean years of schooling (ISCED 1 or higher), population 25+ years, both sexes","SMR","San Marino","2018","2018",10.80146,,
"MYS_1T8_AG25T99","Mean years of schooling (ISCED 1 or higher), population 25+ years, both sexes","VEN","Venezuela (Bolivarian Republic of)","2009","2009",8.25321,,
"MYS_1T8_AG25T99_M","Mean years of schooling (ISCED 1 or higher), population 25+ years, male","ZAF","South Africa","2009","2009",9.88485,,
"MYS_1T8_AG25T99_M","Mean years of schooling (ISCED 1 or higher), population 25+ years, male","MNE","Montenegro","2018","2018",12.9173,,
"MYS_1T8_AG25T99_F","Mean years of schooling (ISCED 1 or higher), population 25+ years, female","USA","United States of America","2009","2009",13.00768,,
"MYS_1T8_AG25T99_F","Mean years of schooling (ISCED 1 or higher), population 25+ years, female","USA","United States of America","2018","2018",13.5278,,
"MYS_1T8_AG25T99_M","Mean years of schooling (ISCED 1 or higher), population 25+ years, male","COL","Colombia","2009","2009",7.18724,,
"MYS_1T8_AG25T99_M","Mean years of schooling (ISCED 1 or higher), population 25+ years, male","COL","Colombia","2018","2018",8.33629,,
"MYS_1T8_AG25T99_F","Mean years of schooling (ISCED 1 or higher), population 25+ years, female","MNG","Mongolia","2018","2018",11.41786,,
"MYS_1T8_AG25T99_F","Mean years of schooling (ISCED 1 or higher), population 25+ years, female","BLR","Belarus","2009","2009",11.06092,,
"MYS_1T8_AG25T99","Mean years of schooling (ISCED 1 or higher), population 25+ years, both sexes","DNK","Denmark","2009","2009",12.47058,,
"MYS_1T8_AG25T99","Mean years of schooling (ISCED 1 or higher), population 25+ years, both sexes","DNK","Denmark","2018","2018",12.86071,,
"MYS_1T8_AG25T99_F","Mean years of schooling (ISCED 1 or higher), population 25+ years, female","BOL","Bolivia (Plurinational State of)","2009","2009",6.78129,,
"MYS_1T8_AG25T99_F","Mean years of schooling (ISCED 1 or higher), population 25+ years, female","SGP","Singapore","2009","2009",10.38456,,
"MYS_1T8_AG25T99_F","Mean years of schooling (ISCED 1 or higher), population 25+ years, female","SGP","Singapore","2018","2018",11.34617,,
"MYS_1T8_AG25T99_F","Mean years of schooling (ISCED 1 or higher), population 25+ years, female","SVK","Slovakia","2018","2018",12.81052,,
"MYS_1T8_AG25T99","Mean years of schooling (ISCED 1 or higher), population 25+ years, both sexes","ROU","Romania","2009","2009",10.69618,,
"MYS_1T8_AG25T99_M","Mean years of schooling (ISCED 1 or higher), population 25+ years, male","CZE","Czechia","2009","2009",12.64197,,
"MYS_1T8_AG25T99_M","Mean years of schooling (ISCED 1 or higher), population 25+ years, male","GEO","Georgia","2018","2018",13.31106,,
"MYS_1T8_AG25T99_F","Mean years of schooling (ISCED 1 or higher), population 25+ years, female","SLV","El Salvador","2009","2009",5.83382,,
"MYS_1T8_AG25T99_M","Mean years of schooling (ISCED 1 or higher), population 25+ years, male","MDA","Republic of Moldova","2009","2009",11.55042,,
"MYS_1T8_AG25T99_M","Mean years of schooling (ISCED 1 or higher), population 25+ years, male","MDA","Republic of Moldova","2018","2018",11.80242,,
"MYS_1T8_AG25T99_M","Mean years of schooling (ISCED 1 or higher), population 25+ years, male","SVN","Slovenia","2009","2009",12.23974,,
"MYS_1T8_AG25T99_M","Mean years of schooling (ISCED 1 or higher), population 25+ years, male","LSO","Lesotho","2018","2018",6.47224,,
"MYS_1T8_AG25T99","Mean years of schooling (ISCED 1 or higher), population 25+ years, both sexes","SWE","Sweden","2009","2009",12.13979,,
"MYS_1T8_AG25T99_M","Mean years of schooling (ISCED 1 or higher), population 25+ years, male","HUN","Hungary","2009","2009",11.98713,,
"MYS_1T8_AG25T99","Mean years of schooling (ISCED 1 or higher), population 25+ years, both sexes","ZAF","South Africa","2009","2009",9.60005,,
"MYS_1T8_AG25T99_F","Mean years of schooling (ISCED 1 or higher), population 25+ years, female","IDN","Indonesia","2009","2009",6.75538,,
"MYS_1T8_AG25T99_F","Mean years of schooling (ISCED 1 or higher), population 25+ years, female","IDN","Indonesia","2018","2018",7.75852,,
"MYS_1T8_AG25T99_F","Mean years of schooling (ISCED 1 or higher), population 25+ years, female","COD","Democratic Republic of the Congo","2018","2018",5.52272,,
"MYS_1T8_AG25T99_M","Mean years of schooling (ISCED 1 or higher), population 25+ years, male","BGD","Bangladesh","2018","2018",6.99896,,
"MYS_1T8_AG25T99","Mean years of schooling (ISCED 1 or higher), population 25+ years, both sexes","SYR","Syrian Arab Republic","2009","2009",6.4884,,
"MYS_1T8_AG25T99_F","Mean years of schooling (ISCED 1 or higher), population 25+ years, female","KEN","Kenya","2009","2009",5.57512,,
"MYS_1T8_AG25T99_M","Mean years of schooling (ISCED 1 or higher), population 25+ years, male","ROU","Romania","2009","2009",11.19047,,
"MYS_1T8_AG25T99","Mean years of schooling (ISCED 1 or higher), population 25+ years, both sexes","KWT","Kuwait","2018","2018",7.21604,,
"MYS_1T8_AG25T99","Mean years of schooling (ISCED 1 or higher), population 25+ years, both sexes","GRL","Greenland","2009","2009",10.49733,,
"MYS_1T8_AG25T99","Mean years of schooling (ISCED 1 or higher), population 25+ years, both sexes","GRL","Greenland","2018","2018",10.84719,,
"MYS_1T8_AG25T99_F","Mean years of schooling (ISCED 1 or higher), population 25+ years, female","THA","Thailand","2018","2018",8.17591,,
"MYS_1T8_AG25T99_F","Mean years of schooling (ISCED 1 or higher), population 25+ years, female","EST","Estonia","2009","2009",13.67986,,
"MYS_1T8_AG25T99_F","Mean years of schooling (ISCED 1 or higher), population 25+ years, female","EST","Estonia","2018","2018",14.1368,,
"MYS_1T8_AG25T99_F","Mean years of schooling (ISCED 1 or higher), population 25+ years, female","BHR","Bahrain","2018","2018",10.4242,,
"MYS_1T8_AG25T99","Mean years of schooling (ISCED 1 or higher), population 25+ years, both sexes","URY","Uruguay","2009","2009",8.37202,,
"MYS_1T8_AG25T99","Mean years of schooling (ISCED 1 or higher), population 25+ years, both sexes","URY","Uruguay","2018","2018",8.90673,,
"MYS_1T8_AG25T99_M","Mean years of schooling (ISCED 1 or higher), population 25+ years, male","GIN","Guinea","2018","2018",3.166,,
"MYS_1T8_AG25T99_M","Mean years of schooling (ISCED 1 or higher), population 25+ years, male","ISR","Israel","2009","2009",12.49033,,
"MYS_1T8_AG25T99","Mean years of schooling (ISCED 1 or higher), population 25+ years, both sexes","BEL","Belgium","2009","2009",11.31677,,
"MYS_1T8_AG25T99_F","Mean years of schooling (ISCED 1 or higher), population 25+ years, female","CHE","Switzerland","2009","2009",12.77754,,
"MYS_1T8_AG25T99_F","Mean years of schooling (ISCED 1 or higher), population 25+ years, female","CHE","Switzerland","2018","2018",13.39236,,
"MYS_1T8_AG25T99_F","Mean years of schooling (ISCED 1 or higher), population 25+ years, female","NOR","Norway","2009","2009",12.52209,,
"MYS_1T8_AG25T99_M","Mean years of schooling (ISCED 1 or higher), population 25+ years, male","HKG","China, Hong Kong Special Administrative Region","2009","2009",11.86092,,
"MYS_1T8_AG25T99_F","Mean years of schooling (ISCED 1 or higher), population 25+ years, female","MOZ","Mozambique","2009","2009",1.73408,,
"MYS_1T8_AG25T99_M","Mean years of schooling (ISCED 1 or higher), population 25+ years, male","BIH","Bosnia and Herzegovina","2018","2018",10.8519,,
"MYS_1T8_AG25T99_M","Mean years of schooling (ISCED 1 or higher), population 25+ years, male","PAK","Pakistan","2009","2009",5.96164,,
"MYS_1T8_AG25T99_M","Mean years of schooling (ISCED 1 or higher), population 25+ years, male","PAK","Pakistan","2018","2018",5.94052,,
"MYS_1T8_AG25T99","Mean years of schooling (ISCED 1 or higher), population 25+ years, both sexes","TZA","United Republic of Tanzania","2018","2018",5.58915,,
"MYS_1T8_AG25T99_M","Mean years of schooling (ISCED 1 or higher), population 25+ years, male","FRA","France","2009","2009",10.7761,,
"MYS_1T8_AG25T99","Mean years of schooling (ISCED 1 or higher), population 25+ years, both sexes","PRT","Portugal","2009","2009",7.92653,,
"MYS_1T8_AG25T99","Mean years of schooling (ISCED 1 or higher), population 25+ years, both sexes","PRT","Portugal","2018","2018",9.14471,,
"MYS_1T8_AG25T99","Mean years of schooling (ISCED 1 or higher), population 25+ years, both sexes","LUX","Luxembourg","2009","2009",12.80933,,
"MYS_1T8_AG25T99_M","Mean years of schooling (ISCED 1 or higher), population 25+ years, male","TUR","Türkiye","2009","2009",7.46852,,
"MYS_1T8_AG25T99","Mean years of schooling (ISCED 1 or higher), population 25+ years, both sexes","ISR","Israel","2009","2009",12.4629,,
"MYS_1T8_AG25T99_F","Mean years of schooling (ISCED 1 or higher), population 25+ years, female","HND","Honduras","2018","2018",6.38242,,
"MYS_1T8_AG25T99","Mean years of schooling (ISCED 1 or higher), population 25+ years, both sexes","PSE","Palestine","2009","2009",8.30582,,
"MYS_1T8_AG25T99","Mean years of schooling (ISCED 1 or higher), population 25+ years, both sexes","PSE","Palestine","2018","2018",9.52406,,
"MYS_1T8_AG25T99_F","Mean years of schooling (ISCED 1 or higher), population 25+ years, female","FIN","Finland","2009","2009",12.44549,,
"MYS_1T8_AG25T99_F","Mean years of schooling (ISCED 1 or higher), population 25+ years, female","KGZ","Kyrgyzstan","2009","2009",10.93202,,
"MYS_1T8_AG25T99_F","Mean years of schooling (ISCED 1 or higher), population 25+ years, female","KGZ","Kyrgyzstan","2018","2018",11.70635,,
"MYS_1T8_AG25T99","Mean years of schooling (ISCED 1 or higher), population 25+ years, both sexes","GBR","United Kingdom of Great Britain and Northern Ireland","2009","2009",13.08814,,
"MYS_1T8_AG25T99_F","Mean years of schooling (ISCED 1 or higher), population 25+ years, female","CHN","China","2018","2018",6.93001,,
"MYS_1T8_AG25T99_M","Mean years of schooling (ISCED 1 or higher), population 25+ years, male","ZMB","Zambia","2018","2018",8.1003,,
"MYS_1T8_AG25T99_F","Mean years of schooling (ISCED 1 or higher), population 25+ years, female","TUN","Tunisia","2018","2018",6.86841,,
"MYS_1T8_AG25T99_F","Mean years of schooling (ISCED 1 or higher), population 25+ years, female","PER","Peru","2009","2009",7.53578,,
"MYS_1T8_AG25T99_F","Mean years of schooling (ISCED 1 or higher), population 25+ years, female","PER","Peru","2018","2018",9.20298,,
"MYS_1T8_AG25T99_M","Mean years of schooling (ISCED 1 or higher), population 25+ years, male","ITA","Italy","2009","2009",10.04861,,
"MYS_1T8_AG25T99","Mean years of schooling (ISCED 1 or higher), population 25+ years, both sexes","PRY","Paraguay","2009","2009",7.03257,,
"MYS_1T8_AG25T99","Mean years of schooling (ISCED 1 or higher), population 25+ years, both sexes","PRY","Paraguay","2018","2018",8.58558,,
"MYS_1T8_AG25T99","Mean years of schooling (ISCED 1 or higher), population 25+ years, both sexes","COD","Democratic Republic of the Congo","2018","2018",7.04756,,
"MYS_1T8_AG25T99","Mean years of schooling (ISCED 1 or higher), population 25+ years, both sexes","QAT","Qatar","2009","2009",9.16306,,
"MYS_1T8_AG25T99_F","Mean years of schooling (ISCED 1 or higher), population 25+ years, female","MYS","Malaysia","2009","2009",9.2509,,
"MYS_1T8_AG25T99","Mean years of schooling (ISCED 1 or higher), population 25+ years, both sexes","CRI","Costa Rica","2009","2009",8.35967,,
"MYS_1T8_AG25T99","Mean years of schooling (ISCED 1 or higher), population 25+ years, both sexes","CRI","Costa Rica","2018","2018",8.72317,,
"MYS_1T8_AG25T99_F","Mean years of schooling (ISCED 1 or higher), population 25+ years, female","MDA","Republic of Moldova","2009","2009",11.41333,,
"MYS_1T8_AG25T99_F","Mean years of schooling (ISCED 1 or higher), population 25+ years, female","MDA","Republic of Moldova","2018","2018",11.88536,,
"MYS_1T8_AG25T99_M","Mean years of schooling (ISCED 1 or higher), population 25+ years, male","TGO","Togo","2009","2009",4.86534,,
"MYS_1T8_AG25T99_F","Mean years of schooling (ISCED 1 or higher), population 25+ years, female","BGD","Bangladesh","2018","2018",5.79832,,
"MYS_1T8_AG25T99","Mean years of schooling (ISCED 1 or higher), population 25+ years, both sexes","UZB","Uzbekistan","2018","2018",11.77459,,
"MYS_1T8_AG25T99_M","Mean years of schooling (ISCED 1 or higher), population 25+ years, male","PSE","Palestine","2009","2009",8.95952,,
"MYS_1T8_AG25T99_M","Mean years of schooling (ISCED 1 or higher), population 25+ years, male","PSE","Palestine","2018","2018",9.62758,,
"MYS_1T8_AG25T99_F","Mean years of schooling (ISCED 1 or higher), population 25+ years, female","POL","Poland","2009","2009",12.30233,,
"MYS_1T8_AG25T99_F","Mean years of schooling (ISCED 1 or higher), population 25+ years, female","TUR","Türkiye","2009","2009",5.69725,,
"MYS_1T8_AG25T99","Mean years of schooling (ISCED 1 or higher), population 25+ years, both sexes","LTU","Lithuania","2009","2009",12.32284,,
"MYS_1T8_AG25T99_M","Mean years of schooling (ISCED 1 or higher), population 25+ years, male","IND","India","2018","2018",7.42042,,
"MYS_1T8_AG25T99_F","Mean years of schooling (ISCED 1 or higher), population 25+ years, female","ECU","Ecuador","2009","2009",7.60636,,
"MYS_1T8_AG25T99_F","Mean years of schooling (ISCED 1 or higher), population 25+ years, female","KOR","Republic of Korea","2009","2009",9.98796,,
"MYS_1T8_AG25T99_M","Mean years of schooling (ISCED 1 or higher), population 25+ years, male","BEL","Belgium","2009","2009",11.61237,,
"MYS_1T8_AG25T99_F","Mean years of schooling (ISCED 1 or higher), population 25+ years, female","BGR","Bulgaria","2009","2009",10.63379,,
"MYS_1T8_AG25T99_M","Mean years of schooling (ISCED 1 or higher), population 25+ years, male","LVA","Latvia","2009","2009",12.13875,,
"MYS_1T8_AG25T99_M","Mean years of schooling (ISCED 1 or higher), population 25+ years, male","LVA","Latvia","2018","2018",12.79542,,
"MYS_1T8_AG25T99","Mean years of schooling (ISCED 1 or higher), population 25+ years, both sexes","MEX","Mexico","2009","2009",8.13667,,
"MYS_1T8_AG25T99","Mean years of schooling (ISCED 1 or higher), population 25+ years, both sexes","MEX","Mexico","2018","2018",8.93319,,
"MYS_1T8_AG25T99","Mean years of schooling (ISCED 1 or higher), population 25+ years, both sexes","SVK","Slovakia","2018","2018",12.86622,,
"MYS_1T8_AG25T99_F","Mean years of schooling (ISCED 1 or higher), population 25+ years, female","RWA","Rwanda","2018","2018",3.92211,,
"MYS_1T8_AG25T99_F","Mean years of schooling (ISCED 1 or higher), population 25+ years, female","CYP","Cyprus","2009","2009",10.9292,,
"MYS_1T8_AG25T99_F","Mean years of schooling (ISCED 1 or higher), population 25+ years, female","CYP","Cyprus","2018","2018",12.23802,,
"MYS_1T8_AG25T99_M","Mean years of schooling (ISCED 1 or higher), population 25+ years, male","PRT","Portugal","2009","2009",7.96752,,
"MYS_1T8_AG25T99_M","Mean years of schooling (ISCED 1 or higher), population 25+ years, male","PRT","Portugal","2018","2018",9.0533,,
"MYS_1T8_AG25T99_F","Mean years of schooling (ISCED 1 or higher), population 25+ years, female","FRA","France","2009","2009",10.50063,,
"MYS_1T8_AG25T99","Mean years of schooling (ISCED 1 or higher), population 25+ years, both sexes","TGO","Togo","2009","2009",3.3421,,
"MYS_1T8_AG25T99_F","Mean years of schooling (ISCED 1 or higher), population 25+ years, female","PAK","Pakistan","2009","2009",2.8386,,
"MYS_1T8_AG25T99_F","Mean years of schooling (ISCED 1 or higher), population 25+ years, female","PAK","Pakistan","2018","2018",3.61991,,
"MYS_1T8_AG25T99_M","Mean years of schooling (ISCED 1 or higher), population 25+ years, male","DEU","Germany","2009","2009",14.33932,,
"MYS_1T8_AG25T99_M","Mean years of schooling (ISCED 1 or higher), population 25+ years, male","DEU","Germany","2018","2018",14.36165,,
"MYS_1T8_AG25T99_M","Mean years of schooling (ISCED 1 or higher), population 25+ years, male","LTU","Lithuania","2009","2009",12.40436,,
"MYS_1T8_AG25T99_F","Mean years of schooling (ISCED 1 or higher), population 25+ years, female","ESP","Spain","2009","2009",9.01618,,
"MYS_1T8_AG25T99_F","Mean years of schooling (ISCED 1 or higher), population 25+ years, female","ESP","Spain","2018","2018",10.04884,,
"MYS_1T8_AG25T99_F","Mean years of schooling (ISCED 1 or higher), population 25+ years, female","AUT","Austria","2009","2009",11.23935,,
"MYS_1T8_AG25T99_F","Mean years of schooling (ISCED 1 or higher), population 25+ years, female","MLT","Malta","2018","2018",11.57716,,
"MYS_1T8_AG25T99_M","Mean years of schooling (ISCED 1 or higher), population 25+ years, male","VEN","Venezuela (Bolivarian Republic of)","2009","2009",7.99272,,
"MYS_1T8_AG25T99","Mean years of schooling (ISCED 1 or higher), population 25+ years, both sexes","KEN","Kenya","2009","2009",6.31449,,
"MYS_1T8_AG25T99","Mean years of schooling (ISCED 1 or higher), population 25+ years, both sexes","TTO","Trinidad and Tobago","2009","2009",10.3005,,
"MYS_1T8_AG25T99_F","Mean years of schooling (ISCED 1 or higher), population 25+ years, female","NLD","Netherlands","2009","2009",11.60715,,
"MYS_1T8_AG25T99_F","Mean years of schooling (ISCED 1 or higher), population 25+ years, female","NLD","Netherlands","2018","2018",12.08118,,
"MYS_1T8_AG25T99","Mean years of schooling (ISCED 1 or higher), population 25+ years, both sexes","AUS","Australia","2009","2009",11.98708,,
"MYS_1T8_AG25T99","Mean years of schooling (ISCED 1 or higher), population 25+ years, both sexes","AUS","Australia","2018","2018",12.55362,,
"MYS_1T8_AG25T99_F","Mean years of schooling (ISCED 1 or higher), population 25+ years, female","AZE","Azerbaijan","2009","2009",10.12927,,
"MYS_1T8_AG25T99_F","Mean years of schooling (ISCED 1 or higher), population 25+ years, female","AZE","Azerbaijan","2018","2018",10.2119,,
"MYS_1T8_AG25T99_F","Mean years of schooling (ISCED 1 or higher), population 25+ years, female","BRA","Brazil","2009","2009",6.89271,,
"MYS_1T8_AG25T99_F","Mean years of schooling (ISCED 1 or higher), population 25+ years, female","BRA","Brazil","2018","2018",8.18391,,
"MYS_1T8_AG25T99","Mean years of schooling (ISCED 1 or higher), population 25+ years, both sexes","DEU","Germany","2009","2009",13.82801,,
"MYS_1T8_AG25T99","Mean years of schooling (ISCED 1 or higher), population 25+ years, both sexes","DEU","Germany","2018","2018",14.07738,,
"MYS_1T8_AG25T99_M","Mean years of schooling (ISCED 1 or higher), population 25+ years, male","TZA","United Republic of Tanzania","2018","2018",6.24219,,
"MYS_1T8_AG25T99_M","Mean years of schooling (ISCED 1 or higher), population 25+ years, male","DNK","Denmark","2009","2009",12.26935,,
"MYS_1T8_AG25T99_M","Mean years of schooling (ISCED 1 or higher), population 25+ years, male","DNK","Denmark","2018","2018",12.63892,,
"MYS_1T8_AG25T99","Mean years of schooling (ISCED 1 or higher), population 25+ years, both sexes","MLI","Mali","2018","2018",1.87179,,
"MYS_1T8_AG25T99_F","Mean years of schooling (ISCED 1 or higher), population 25+ years, female","LSO","Lesotho","2018","2018",7.81317,,
"MYS_1T8_AG25T99_M","Mean years of schooling (ISCED 1 or higher), population 25+ years, male","TTO","Trinidad and Tobago","2009","2009",10.31847,,
"MYS_1T8_AG25T99_F","Mean years of schooling (ISCED 1 or higher), population 25+ years, female","ARG","Argentina","2009","2009",10.66305,,
"MYS_1T8_AG25T99_F","Mean years of schooling (ISCED 1 or higher), population 25+ years, female","ARG","Argentina","2018","2018",11.29546,,
"MYS_1T8_AG25T99_M","Mean years of schooling (ISCED 1 or higher), population 25+ years, male","GRL","Greenland","2009","2009",10.47529,,
"MYS_1T8_AG25T99_M","Mean years of schooling (ISCED 1 or higher), population 25+ years, male","GRL","Greenland","2018","2018",10.63062,,
"MYS_1T8_AG25T99_F","Mean years of schooling (ISCED 1 or higher), population 25+ years, female","KHM","Cambodia","2009","2009",3.06191,,
"MYS_1T8_AG25T99_M","Mean years of schooling (ISCED 1 or higher), population 25+ years, male","KWT","Kuwait","2018","2018",6.83486,,
"MYS_1T8_AG25T99_M","Mean years of schooling (ISCED 1 or higher), population 25+ years, male","SWE","Sweden","2009","2009",12.05024,,
"MYS_1T8_AG25T99_M","Mean years of schooling (ISCED 1 or higher), population 25+ years, male","PRY","Paraguay","2009","2009",7.37458,,
"MYS_1T8_AG25T99_M","Mean years of schooling (ISCED 1 or higher), population 25+ years, male","PRY","Paraguay","2018","2018",8.57817,,
"MYS_1T8_AG25T99","Mean years of schooling (ISCED 1 or higher), population 25+ years, both sexes","NOR","Norway","2009","2009",12.50294,,
"MYS_1T8_AG25T99","Mean years of schooling (ISCED 1 or higher), population 25+ years, both sexes","GMB","Gambia","2018","2018",4.09984,,
"MYS_1T8_AG25T99_M","Mean years of schooling (ISCED 1 or higher), population 25+ years, male","URY","Uruguay","2009","2009",8.16535,,
"MYS_1T8_AG25T99_M","Mean years of schooling (ISCED 1 or higher), population 25+ years, male","URY","Uruguay","2018","2018",8.6091,,
"MYS_1T8_AG25T99","Mean years of schooling (ISCED 1 or higher), population 25+ years, both sexes","LKA","Sri Lanka","2009","2009",10.19463,,
"MYS_1T8_AG25T99","Mean years of schooling (ISCED 1 or higher), population 25+ years, both sexes","LKA","Sri Lanka","2018","2018",10.64155,,
"MYS_1T8_AG25T99_F","Mean years of schooling (ISCED 1 or higher), population 25+ years, female","CZE","Czechia","2009","2009",11.97356,,
"MYS_1T8_AG25T99_F","Mean years of schooling (ISCED 1 or higher), population 25+ years, female","ARE","United Arab Emirates","2018","2018",11.92583,,
"MYS_1T8_AG25T99_M","Mean years of schooling (ISCED 1 or higher), population 25+ years, male","EST","Estonia","2009","2009",12.89049,,
"MYS_1T8_AG25T99_M","Mean years of schooling (ISCED 1 or higher), population 25+ years, male","EST","Estonia","2018","2018",13.13473,,
"MYS_1T8_AG25T99","Mean years of schooling (ISCED 1 or higher), population 25+ years, both sexes","BRA","Brazil","2009","2009",6.76896,,
"MYS_1T8_AG25T99","Mean years of schooling (ISCED 1 or higher), population 25+ years, both sexes","BRA","Brazil","2018","2018",7.98202,,
"MYS_1T8_AG25T99_F","Mean years of schooling (ISCED 1 or higher), population 25+ years, female","ISR","Israel","2009","2009",12.43781,,
"MYS_1T8_AG25T99_M","Mean years of schooling (ISCED 1 or higher), population 25+ years, male","BHR","Bahrain","2018","2018",10.60784,,
"MYS_1T8_AG25T99","Mean years of schooling (ISCED 1 or higher), population 25+ years, both sexes","CYP","Cyprus","2009","2009",11.26194,,
"MYS_1T8_AG25T99","Mean years of schooling (ISCED 1 or higher), population 25+ years, both sexes","CYP","Cyprus","2018","2018",12.28288,,
"MYS_1T8_AG25T99_F","Mean years of schooling (ISCED 1 or higher), population 25+ years, female","BEL","Belgium","2009","2009",11.04336,,
"MYS_1T8_AG25T99","Mean years of schooling (ISCED 1 or higher), population 25+ years, both sexes","ARE","United Arab Emirates","2018","2018",12.484,,
"MYS_1T8_AG25T99_M","Mean years of schooling (ISCED 1 or higher), population 25+ years, male","VNM","Viet Nam","2009","2009",8.11578,,
"MYS_1T8_AG25T99_M","Mean years of schooling (ISCED 1 or higher), population 25+ years, male","NOR","Norway","2009","2009",12.48321,,
"MYS_1T8_AG25T99","Mean years of schooling (ISCED 1 or higher), population 25+ years, both sexes","TUN","Tunisia","2018","2018",7.62261,,
"MYS_1T8_AG25T99","Mean years of schooling (ISCED 1 or higher), population 25+ years, both sexes","SLV","El Salvador","2009","2009",6.13014,,
"MYS_1T8_AG25T99","Mean years of schooling (ISCED 1 or higher), population 25+ years, both sexes","KOR","Republic of Korea","2009","2009",10.87349,,
"MYS_1T8_AG25T99_M","Mean years of schooling (ISCED 1 or higher), population 25+ years, male","THA","Thailand","2018","2018",8.58686,,
"MYS_1T8_AG25T99_F","Mean years of schooling (ISCED 1 or higher), population 25+ years, female","MNE","Montenegro","2018","2018",11.74171,,
"MYS_1T8_AG25T99","Mean years of schooling (ISCED 1 or higher), population 25+ years, both sexes","BHR","Bahrain","2018","2018",10.54809,,
"MYS_1T8_AG25T99_F","Mean years of schooling (ISCED 1 or higher), population 25+ years, female","ITA","Italy","2009","2009",9.44336,,
"MYS_1T8_AG25T99_F","Mean years of schooling (ISCED 1 or higher), population 25+ years, female","URY","Uruguay","2009","2009",8.55236,,
"MYS_1T8_AG25T99_F","Mean years of schooling (ISCED 1 or higher), population 25+ years, female","URY","Uruguay","2018","2018",9.17076,,
"MYS_1T8_AG25T99_M","Mean years of schooling (ISCED 1 or higher), population 25+ years, male","FIN","Finland","2009","2009",12.28983,,
"MYS_1T8_AG25T99","Mean years of schooling (ISCED 1 or higher), population 25+ years, both sexes","THA","Thailand","2018","2018",8.37215,,
"MYS_1T8_AG25T99_M","Mean years of schooling (ISCED 1 or higher), population 25+ years, male","CHE","Switzerland","2009","2009",13.93905,,
"MYS_1T8_AG25T99_M","Mean years of schooling (ISCED 1 or higher), population 25+ years, male","CHE","Switzerland","2018","2018",14.22372,,
"MYS_1T8_AG25T99_F","Mean years of schooling (ISCED 1 or higher), population 25+ years, female","ROU","Romania","2009","2009",10.2461,,
"MYS_1T8_AG25T99","Mean years of schooling (ISCED 1 or higher), population 25+ years, both sexes","CHN","China","2018","2018",7.81652,,
"MYS_1T8_AG25T99_M","Mean years of schooling (ISCED 1 or higher), population 25+ years, male","AUS","Australia","2009","2009",12.00766,,
"MYS_1T8_AG25T99_M","Mean years of schooling (ISCED 1 or higher), population 25+ years, male","AUS","Australia","2018","2018",12.48748,,
"MYS_1T8_AG25T99_F","Mean years of schooling (ISCED 1 or higher), population 25+ years, female","KWT","Kuwait","2018","2018",7.97614,,
"MYS_1T8_AG25T99_F","Mean years of schooling (ISCED 1 or higher), population 25+ years, female","HKG","China, Hong Kong Special Administrative Region","2009","2009",10.84461,,
"MYS_1T8_AG25T99","Mean years of schooling (ISCED 1 or higher), population 25+ years, both sexes","HND","Honduras","2018","2018",6.28788,,
"MYS_1T8_AG25T99","Mean years of schooling (ISCED 1 or higher), population 25+ years, both sexes","USA","United States of America","2009","2009",13.00604,,
"MYS_1T8_AG25T99","Mean years of schooling (ISCED 1 or higher), population 25+ years, both sexes","USA","United States of America","2018","2018",13.50162,,
"MYS_1T8_AG25T99_F","Mean years of schooling (ISCED 1 or higher), population 25+ years, female","COL","Colombia","2009","2009",7.30249,,
"MYS_1T8_AG25T99_F","Mean years of schooling (ISCED 1 or higher), population 25+ years, female","COL","Colombia","2018","2018",8.65978,,
"MYS_1T8_AG25T99_M","Mean years of schooling (ISCED 1 or higher), population 25+ years, male","MLI","Mali","2018","2018",2.55978,,
"MYS_1T8_AG25T99","Mean years of schooling (ISCED 1 or higher), population 25+ years, both sexes","MOZ","Mozambique","2009","2009",2.33833,,
"MYS_1T8_AG25T99","Mean years of schooling (ISCED 1 or higher), population 25+ years, both sexes","SRB","Serbia","2009","2009",10.30457,,
"MYS_1T8_AG25T99","Mean years of schooling (ISCED 1 or higher), population 25+ years, both sexes","SGP","Singapore","2009","2009",10.81106,,
"MYS_1T8_AG25T99","Mean years of schooling (ISCED 1 or higher), population 25+ years, both sexes","SGP","Singapore","2018","2018",11.74279,,
"MYS_1T8_AG25T99_M","Mean years of schooling (ISCED 1 or higher), population 25+ years, male","MEX","Mexico","2009","2009",8.5171,,
"MYS_1T8_AG25T99_M","Mean years of schooling (ISCED 1 or higher), population 25+ years, male","MEX","Mexico","2018","2018",9.11212,,
"MYS_1T8_AG25T99","Mean years of schooling (ISCED 1 or higher), population 25+ years, both sexes","PER","Peru","2009","2009",8.21712,,
"MYS_1T8_AG25T99","Mean years of schooling (ISCED 1 or higher), population 25+ years, both sexes","PER","Peru","2018","2018",9.7558,,
"MYS_1T8_AG25T99_F","Mean years of schooling (ISCED 1 or higher), population 25+ years, female","BIH","Bosnia and Herzegovina","2018","2018",8.84955,,
"MYS_1T8_AG25T99_F","Mean years of schooling (ISCED 1 or higher), population 25+ years, female","LUX","Luxembourg","2009","2009",12.40609,,
"MYS_1T8_AG25T99_M","Mean years of schooling (ISCED 1 or higher), population 25+ years, male","NER","Niger","2018","2018",1.67489,,
"MYS_1T8_AG25T99_F","Mean years of schooling (ISCED 1 or higher), population 25+ years, female","GEO","Georgia","2018","2018",13.36542,,
"MYS_1T8_AG25T99_F","Mean years of schooling (ISCED 1 or higher), population 25+ years, female","SVN","Slovenia","2009","2009",11.82357,,
"MYS_1T8_AG25T99","Mean years of schooling (ISCED 1 or higher), population 25+ years, both sexes","FIN","Finland","2009","2009",12.37001,,
"MYS_1T8_AG25T99_F","Mean years of schooling (ISCED 1 or higher), population 25+ years, female","PRT","Portugal","2009","2009",7.89042,,
"MYS_1T8_AG25T99_F","Mean years of schooling (ISCED 1 or higher), population 25+ years, female","PRT","Portugal","2018","2018",9.22299,,
"MYS_1T8_AG25T99_M","Mean years of schooling (ISCED 1 or higher), population 25+ years, male","USA","United States of America","2009","2009",13.00476,,
"MYS_1T8_AG25T99_M","Mean years of schooling (ISCED 1 or higher), population 25+ years, male","USA","United States of America","2018","2018",13.47345,,
"MYS_1T8_AG25T99","Mean years of schooling (ISCED 1 or higher), population 25+ years, both sexes","IDN","Indonesia","2009","2009",7.30959,,
"MYS_1T8_AG25T99","Mean years of schooling (ISCED 1 or higher), population 25+ years, both sexes","IDN","Indonesia","2018","2018",8.16204,,
"MYS_1T8_AG25T99","Mean years of schooling (ISCED 1 or higher), population 25+ years, both sexes","TCD","Chad","2009","2009",1.76483,,
"MYS_1T8_AG25T99_F","Mean years of schooling (ISCED 1 or higher), population 25+ years, female","VEN","Venezuela (Bolivarian Republic of)","2009","2009",8.50675,,
"MYS_1T8_AG25T99","Mean years of schooling (ISCED 1 or higher), population 25+ years, both sexes","MYS","Malaysia","2009","2009",9.56325,,
"MYS_1T8_AG25T99","Mean years of schooling (ISCED 1 or higher), population 25+ years, both sexes","EST","Estonia","2009","2009",13.32088,,
"MYS_1T8_AG25T99","Mean years of schooling (ISCED 1 or higher), population 25+ years, both sexes","EST","Estonia","2018","2018",13.65631,,
"MYS_1T8_AG25T99_F","Mean years of schooling (ISCED 1 or higher), population 25+ years, female","ZAF","South Africa","2009","2009",9.34994,,
"MYS_1T8_AG25T99_M","Mean years of schooling (ISCED 1 or higher), population 25+ years, male","CRI","Costa Rica","2009","2009",8.38695,,
"MYS_1T8_AG25T99_M","Mean years of schooling (ISCED 1 or higher), population 25+ years, male","CRI","Costa Rica","2018","2018",8.59669,,
"MYS_1T8_AG25T99_F","Mean years of schooling (ISCED 1 or higher), population 25+ years, female","BFA","Burkina Faso","2018","2018",1.41272,,
"MYS_1T8_AG25T99","Mean years of schooling (ISCED 1 or higher), population 25+ years, both sexes","NLD","Netherlands","2009","2009",11.93865,,
"MYS_1T8_AG25T99","Mean years of schooling (ISCED 1 or higher), population 25+ years, both sexes","NLD","Netherlands","2018","2018",12.32301,,
"MYS_1T8_AG25T99_F","Mean years of schooling (ISCED 1 or higher), population 25+ years, female","SYR","Syrian Arab Republic","2009","2009",5.58704,,
"MYS_1T8_AG25T99","Mean years of schooling (ISCED 1 or higher), population 25+ years, both sexes","BLR","Belarus","2009","2009",11.19026,,
"MYS_1T8_AG25T99_F","Mean years of schooling (ISCED 1 or higher), population 25+ years, female","HUN","Hungary","2009","2009",11.65157,,
"MYS_1T8_AG25T99_M","Mean years of schooling (ISCED 1 or higher), population 25+ years, male","SVK","Slovakia","2018","2018",12.92674,,
"MYS_1T8_AG25T99","Mean years of schooling (ISCED 1 or higher), population 25+ years, both sexes","BOL","Bolivia (Plurinational State of)","2009","2009",7.48154,,
"MYS_1T8_AG25T99","Mean years of schooling (ISCED 1 or higher), population 25+ years, both sexes","CHE","Switzerland","2009","2009",13.33908,,
"MYS_1T8_AG25T99","Mean years of schooling (ISCED 1 or higher), population 25+ years, both sexes","CHE","Switzerland","2018","2018",13.79969,,
"MYS_1T8_AG25T99_M","Mean years of schooling (ISCED 1 or higher), population 25+ years, male","QAT","Qatar","2009","2009",8.89236,,
"MYS_1T8_AG25T99_M","Mean years of schooling (ISCED 1 or higher), population 25+ years, male","SLV","El Salvador","2009","2009",6.50333,,
"MYS_1T8_AG25T99_F","Mean years of schooling (ISCED 1 or higher), population 25+ years, female","KAZ","Kazakhstan","2009","2009",11.02618,,
"MYS_1T8_AG25T99_F","Mean years of schooling (ISCED 1 or higher), population 25+ years, female","KAZ","Kazakhstan","2018","2018",12.23838,,
"MYS_1T8_AG25T99_F","Mean years of schooling (ISCED 1 or higher), population 25+ years, female","SWE","Sweden","2009","2009",12.22685,,
"MYS_1T8_AG25T99_M","Mean years of schooling (ISCED 1 or higher), population 25+ years, male","AZE","Azerbaijan","2009","2009",10.8049,,
"MYS_1T8_AG25T99_M","Mean years of schooling (ISCED 1 or higher), population 25+ years, male","AZE","Azerbaijan","2018","2018",10.89672,,
"MYS_1T8_AG25T99_M","Mean years of schooling (ISCED 1 or higher), population 25+ years, male","NLD","Netherlands","2009","2009",12.2855,,
"MYS_1T8_AG25T99_M","Mean years of schooling (ISCED 1 or higher), population 25+ years, male","NLD","Netherlands","2018","2018",12.57424,,
"MYS_1T8_AG25T99_F","Mean years of schooling (ISCED 1 or higher), population 25+ years, female","TZA","United Republic of Tanzania","2018","2018",5.03292,,
"MYS_1T8_AG25T99","Mean years of schooling (ISCED 1 or higher), population 25+ years, both sexes","PAK","Pakistan","2009","2009",4.46613,,
"MYS_1T8_AG25T99","Mean years of schooling (ISCED 1 or higher), population 25+ years, both sexes","PAK","Pakistan","2018","2018",4.77032,,
"MYS_1T8_AG25T99","Mean years of schooling (ISCED 1 or higher), population 25+ years, both sexes","ARG","Argentina","2009","2009",10.54321,,
"MYS_1T8_AG25T99","Mean years of schooling (ISCED 1 or higher), population 25+ years, both sexes","ARG","Argentina","2018","2018",11.1047,,
"MYS_1T8_AG25T99_M","Mean years of schooling (ISCED 1 or higher), population 25+ years, male","BGR","Bulgaria","2009","2009",10.65058,,
"MYS_1T8_AG25T99_F","Mean years of schooling (ISCED 1 or higher), population 25+ years, female","MEX","Mexico","2009","2009",7.80543,,
"MYS_1T8_AG25T99_F","Mean years of schooling (ISCED 1 or higher), population 25+ years, female","MEX","Mexico","2018","2018",8.77634,,
"MYS_1T8_AG25T99","Mean years of schooling (ISCED 1 or higher), population 25+ years, both sexes","AUT","Austria","2009","2009",11.67437,,
"MYS_1T8_AG25T99","Mean years of schooling (ISCED 1 or higher), population 25+ years, both sexes","ITA","Italy","2009","2009",9.73209,,
"MYS_1T8_AG25T99_F","Mean years of schooling (ISCED 1 or higher), population 25+ years, female","SEN","Senegal","2018","2018",2.37442,,
"MYS_1T8_AG25T99","Mean years of schooling (ISCED 1 or higher), population 25+ years, both sexes","LSO","Lesotho","2018","2018",7.18587,,
"MYS_1T8_AG25T99","Mean years of schooling (ISCED 1 or higher), population 25+ years, both sexes","RWA","Rwanda","2018","2018",4.33497,,
"MYS_1T8_AG25T99","Mean years of schooling (ISCED 1 or higher), population 25+ years, both sexes","ECU","Ecuador","2009","2009",7.73997,,
"MYS_1T8_AG25T99_M","Mean years of schooling (ISCED 1 or higher), population 25+ years, male","HND","Honduras","2018","2018",6.17493,,
"MYS_1T8_AG25T99","Mean years of schooling (ISCED 1 or higher), population 25+ years, both sexes","FRA","France","2009","2009",10.63231,,
"MYS_1T8_AG25T99_F","Mean years of schooling (ISCED 1 or higher), population 25+ years, female","LKA","Sri Lanka","2009","2009",10.06061,,
"MYS_1T8_AG25T99_F","Mean years of schooling (ISCED 1 or higher), population 25+ years, female","LKA","Sri Lanka","2018","2018",10.6369,,
"MYS_1T8_AG25T99_F","Mean years of schooling (ISCED 1 or higher), population 25+ years, female","QAT","Qatar","2009","2009",10.53732,,
"MYS_1T8_AG25T99_M","Mean years of schooling (ISCED 1 or higher), population 25+ years, male","TUN","Tunisia","2018","2018",8.42865,,
"MYS_1T8_AG25T99","Mean years of schooling (ISCED 1 or higher), population 25+ years, both sexes","AZE","Azerbaijan","2009","2009",10.45223,,
"MYS_1T8_AG25T99","Mean years of schooling (ISCED 1 or higher), population 25+ years, both sexes","AZE","Azerbaijan","2018","2018",10.54176,,
"MYS_1T8_AG25T99_M","Mean years of schooling (ISCED 1 or higher), population 25+ years, male","PER","Peru","2009","2009",8.96292,,
"MYS_1T8_AG25T99_M","Mean years of schooling (ISCED 1 or higher), population 25+ years, male","PER","Peru","2018","2018",10.32203,,
"MYS_1T8_AG25T99","Mean years of schooling (ISCED 1 or higher), population 25+ years, both sexes","MLT","Malta","2018","2018",11.84058,,
"MYS_1T8_AG25T99","Mean years of schooling (ISCED 1 or higher), population 25+ years, both sexes","POL","Poland","2009","2009",12.34124,,
"MYS_1T8_AG25T99_M","Mean years of schooling (ISCED 1 or higher), population 25+ years, male","ESP","Spain","2009","2009",9.49834,,
"MYS_1T8_AG25T99_M","Mean years of schooling (ISCED 1 or higher), population 25+ years, male","ESP","Spain","2018","2018",10.24232,,
"MYS_1T8_AG25T99","Mean years of schooling (ISCED 1 or higher), population 25+ years, both sexes","KHM","Cambodia","2009","2009",3.93697,,
"MYS_1T8_AG25T99_F","Mean years of schooling (ISCED 1 or higher), population 25+ years, female","PRY","Paraguay","2009","2009",6.69957,,
"MYS_1T8_AG25T99_F","Mean years of schooling (ISCED 1 or higher), population 25+ years, female","PRY","Paraguay","2018","2018",8.59277,,
"MYS_1T8_AG25T99","Mean years of schooling (ISCED 1 or higher), population 25+ years, both sexes","TUR","Türkiye","2009","2009",6.57046,,
"MYS_1T8_AG25T99_F","Mean years of schooling (ISCED 1 or higher), population 25+ years, female","DNK","Denmark","2009","2009",12.68443,,
"MYS_1T8_AG25T99_F","Mean years of schooling (ISCED 1 or higher), population 25+ years, female","DNK","Denmark","2018","2018",13.08185,,
"MYS_1T8_AG25T99_F","Mean years of schooling (ISCED 1 or higher), population 25+ years, female","IRQ","Iraq","2018","2018",5.44395,,
"MYS_1T8_AG25T99_M","Mean years of schooling (ISCED 1 or higher), population 25+ years, male","MYS","Malaysia","2009","2009",9.86974,,
"MYS_1T8_AG25T99_F","Mean years of schooling (ISCED 1 or higher), population 25+ years, female","CRI","Costa Rica","2009","2009",8.33578,,
"MYS_1T8_AG25T99_F","Mean years of schooling (ISCED 1 or higher), population 25+ years, female","CRI","Costa Rica","2018","2018",8.83474,,
"MYS_1T8_AG25T99_M","Mean years of schooling (ISCED 1 or higher), population 25+ years, male","ARG","Argentina","2009","2009",10.39672,,
"MYS_1T8_AG25T99_M","Mean years of schooling (ISCED 1 or higher), population 25+ years, male","ARG","Argentina","2018","2018",10.88024,,
"MYS_1T8_AG25T99_M","Mean years of schooling (ISCED 1 or higher), population 25+ years, male","RWA","Rwanda","2018","2018",4.81869,,
"MYS_1T8_AG25T99_F","Mean years of schooling (ISCED 1 or higher), population 25+ years, female","PSE","Palestine","2009","2009",7.64759,,
"MYS_1T8_AG25T99_F","Mean years of schooling (ISCED 1 or higher), population 25+ years, female","PSE","Palestine","2018","2018",9.41896,,
"MYS_1T8_AG25T99_F","Mean years of schooling (ISCED 1 or higher), population 25+ years, female","TGO","Togo","2009","2009",2.03165,,
"MYS_1T8_AG25T99","Mean years of schooling (ISCED 1 or higher), population 25+ years, both sexes","MDA","Republic of Moldova","2009","2009",11.47674,,
"MYS_1T8_AG25T99","Mean years of schooling (ISCED 1 or higher), population 25+ years, both sexes","MDA","Republic of Moldova","2018","2018",11.84557,,
"MYS_1T8_AG25T99_M","Mean years of schooling (ISCED 1 or higher), population 25+ years, male","POL","Poland","2009","2009",12.38544,,
"MYS_1T8_AG25T99","Mean years of schooling (ISCED 1 or higher), population 25+ years, both sexes","JOR","Jordan","2018","2018",10.3509,,
"MYS_1T8_AG25T99_M","Mean years of schooling (ISCED 1 or higher), population 25+ years, male","SRB","Serbia","2009","2009",10.99737,,
"MYS_1T8_AG25T99_F","Mean years of schooling (ISCED 1 or higher), population 25+ years, female","GBR","United Kingdom of Great Britain and Northern Ireland","2009","2009",12.98205,,
"MYS_1T8_AG25T99_M","Mean years of schooling (ISCED 1 or higher), population 25+ years, male","CHN","China","2018","2018",8.67063,,
"MYS_1T8_AG25T99_M","Mean years of schooling (ISCED 1 or higher), population 25+ years, male","IDN","Indonesia","2009","2009",7.9064,,
"MYS_1T8_AG25T99_M","Mean years of schooling (ISCED 1 or higher), population 25+ years, male","IDN","Indonesia","2018","2018",8.57231,,
"MYS_1T8_AG25T99","Mean years of schooling (ISCED 1 or higher), population 25+ years, both sexes","CZE","Czechia","2009","2009",12.29474,,
"MYS_1T8_AG25T99","Mean years of schooling (ISCED 1 or higher), population 25+ years, both sexes","HUN","Hungary","2009","2009",11.81023,,
"MYS_1T8_AG25T99","Mean years of schooling (ISCED 1 or higher), population 25+ years, both sexes","BGD","Bangladesh","2018","2018",6.38588,,
"MYS_1T8_AG25T99_M","Mean years of schooling (ISCED 1 or higher), population 25+ years, male","CYP","Cyprus","2009","2009",11.60869,,
"MYS_1T8_AG25T99_M","Mean years of schooling (ISCED 1 or higher), population 25+ years, male","CYP","Cyprus","2018","2018",12.33156,,
"MYS_1T8_AG25T99_M","Mean years of schooling (ISCED 1 or higher), population 25+ years, male","BRA","Brazil","2009","2009",6.63005,,
"MYS_1T8_AG25T99_M","Mean years of schooling (ISCED 1 or higher), population 25+ years, male","BRA","Brazil","2018","2018",7.75158,,
"MYS_1T8_AG25T99","Mean years of schooling (ISCED 1 or higher), population 25+ years, both sexes","HKG","China, Hong Kong Special Administrative Region","2009","2009",11.31379,,
"MYS_1T8_AG25T99_M","Mean years of schooling (ISCED 1 or higher), population 25+ years, male","JOR","Jordan","2018","2018",10.69655,,
"MYS_1T8_AG25T99_F","Mean years of schooling (ISCED 1 or higher), population 25+ years, female","DEU","Germany","2009","2009",13.34796,,
"MYS_1T8_AG25T99_F","Mean years of schooling (ISCED 1 or higher), population 25+ years, female","DEU","Germany","2018","2018",13.8036,,
"MYS_1T8_AG25T99_M","Mean years of schooling (ISCED 1 or higher), population 25+ years, male","AUT","Austria","2009","2009",12.14536,,
"MYS_1T8_AG25T99_M","Mean years of schooling (ISCED 1 or higher), population 25+ years, male","SGP","Singapore","2009","2009",11.2721,,
"MYS_1T8_AG25T99_M","Mean years of schooling (ISCED 1 or higher), population 25+ years, male","SGP","Singapore","2018","2018",12.17492,,
"MYS_1T8_AG25T99_F","Mean years of schooling (ISCED 1 or higher), population 25+ years, female","LTU","Lithuania","2009","2009",12.25753,,
"MYS_1T8_AG25T99","Mean years of schooling (ISCED 1 or higher), population 25+ years, both sexes","COL","Colombia","2009","2009",7.2474,,
"MYS_1T8_AG25T99","Mean years of schooling (ISCED 1 or higher), population 25+ years, both sexes","COL","Colombia","2018","2018",8.50447,,
"MYS_1T8_AG25T99_F","Mean years of schooling (ISCED 1 or higher), population 25+ years, female","IND","India","2018","2018",5.04163,,
"MYS_1T8_AG25T99_M","Mean years of schooling (ISCED 1 or higher), population 25+ years, male","ECU","Ecuador","2009","2009",7.88734,,
"MYS_1T8_AG25T99","Mean years of schooling (ISCED 1 or higher), population 25+ years, both sexes","ESP","Spain","2009","2009",9.25156,,
"MYS_1T8_AG25T99","Mean years of schooling (ISCED 1 or higher), population 25+ years, both sexes","ESP","Spain","2018","2018",10.14235,,
"MYS_1T8_AG25T99_M","Mean years of schooling (ISCED 1 or higher), population 25+ years, male","MLT","Malta","2018","2018",12.09822,,
"MYS_1T8_AG25T99_F","Mean years of schooling (ISCED 1 or higher), population 25+ years, female","LVA","Latvia","2009","2009",12.72792,,
"MYS_1T8_AG25T99_F","Mean years of schooling (ISCED 1 or higher), population 25+ years, female","LVA","Latvia","2018","2018",13.52008,,
"MYS_1T8_AG25T99_M","Mean years of schooling (ISCED 1 or higher), population 25+ years, male","KOR","Republic of Korea","2009","2009",11.86398,,
"MYS_1T8_AG25T99_M","Mean years of schooling (ISCED 1 or higher), population 25+ years, male","MKD","North Macedonia","2018","2018",12.19806,,
"MYS_1T8_AG25T99","Mean years of schooling (ISCED 1 or higher), population 25+ years, both sexes","BGR","Bulgaria","2009","2009",10.64169,,
"MYS_1T8_AG25T99_M","Mean years of schooling (ISCED 1 or higher), population 25+ years, male","LUX","Luxembourg","2009","2009",13.21542,,
"MYS_1T8_AG25T99_F","Mean years of schooling (ISCED 1 or higher), population 25+ years, female","TCD","Chad","2009","2009",0.88563,,
"MYS_1T8_AG25T99","Mean years of schooling (ISCED 1 or higher), population 25+ years, both sexes","CMR","Cameroon","2018","2018",6.41971,,
"MYS_1T8_AG25T99","Mean years of schooling (ISCED 1 or higher), population 25+ years, both sexes","KAZ","Kazakhstan","2009","2009",11.01337,,
"MYS_1T8_AG25T99","Mean years of schooling (ISCED 1 or higher), population 25+ years, both sexes","KAZ","Kazakhstan","2018","2018",12.21007,,
"MYS_1T8_AG25T99_F","Mean years of schooling (ISCED 1 or higher), population 25+ years, female","VNM","Viet Nam","2009","2009",7.03377,,
"MYS_1T8_AG25T99_F","Mean years of schooling (ISCED 1 or higher), population 25+ years, female","UZB","Uzbekistan","2018","2018",11.59314,,
"MYS_1T8_AG25T99","Mean years of schooling (ISCED 1 or higher), population 25+ years, both sexes","SUR","Suriname","2018","2018",8.30605,,
"MYS_1T8_AG25T99","Mean years of schooling (ISCED 1 or higher), population 25+ years, both sexes","MNE","Montenegro","2018","2018",12.31016,,
"MYS_1T8_AG25T99_F","Mean years of schooling (ISCED 1 or higher), population 25+ years, female","GIN","Guinea","2018","2018",1.22788,,
"MYS_1T8_AG25T99_M","Mean years of schooling (ISCED 1 or higher), population 25+ years, male","GBR","United Kingdom of Great Britain and Northern Ireland","2009","2009",13.19761,,
"MYS_1T8_AG25T99_M","Mean years of schooling (ISCED 1 or higher), population 25+ years, male","SMR","San Marino","2018","2018",10.69499,,
"MYS_1T8_AG25T99_F","Mean years of schooling (ISCED 1 or higher), population 25+ years, female","ZMB","Zambia","2018","2018",6.15138,,
"MYS_1T8_AG25T99","Mean years of schooling (ISCED 1 or higher), population 25+ years, both sexes","VNM","Viet Nam","2009","2009",7.54493,,
"MYS_1T8_AG25T99_M","Mean years of schooling (ISCED 1 or higher), population 25+ years, male","SEN","Senegal","2018","2018",3.86572,,
"MYS_1T8_AG25T99_M","Mean years of schooling (ISCED 1 or higher), population 25+ years, male","SYR","Syrian Arab Republic","2009","2009",7.34266,,
"MYS_1T8_AG25T99_M","Mean years of schooling (ISCED 1 or higher), population 25+ years, male","CMR","Cameroon","2018","2018",7.45468,,
"MYS_1T8_AG25T99","Mean years of schooling (ISCED 1 or higher), population 25+ years, both sexes","IND","India","2018","2018",6.24096,,
"MYS_1T8_AG25T99_M","Mean years of schooling (ISCED 1 or higher), population 25+ years, male","KAZ","Kazakhstan","2009","2009",10.99848,,
"MYS_1T8_AG25T99_M","Mean years of schooling (ISCED 1 or higher), population 25+ years, male","KAZ","Kazakhstan","2018","2018",12.17788,,
"MYS_1T8_AG25T99_F","Mean years of schooling (ISCED 1 or higher), population 25+ years, female","JOR","Jordan","2018","2018",10.0112,,
"MYS_1T8_AG25T99_M","Mean years of schooling (ISCED 1 or higher), population 25+ years, male","SUR","Suriname","2018","2018",8.18893,,
"MYS_1T8_AG25T99","Mean years of schooling (ISCED 1 or higher), population 25+ years, both sexes","SEN","Senegal","2018","2018",2.99835,,
"MYS_1T8_AG25T99_M","Mean years of schooling (ISCED 1 or higher), population 25+ years, male","BFA","Burkina Faso","2018","2018",2.48824,,
"MYS_1T8_AG25T99_F","Mean years of schooling (ISCED 1 or higher), population 25+ years, female","SRB","Serbia","2009","2009",9.69155,,
"MYS_1T8_AG25T99","Mean years of schooling (ISCED 1 or higher), population 25+ years, both sexes","IRQ","Iraq","2018","2018",6.68787,,
"MYS_1T8_AG25T99_M","Mean years of schooling (ISCED 1 or higher), population 25+ years, male","TCD","Chad","2009","2009",2.6897,,
"MYS_1T8_AG25T99_F","Mean years of schooling (ISCED 1 or higher), population 25+ years, female","GRL","Greenland","2009","2009",10.52145,,
"MYS_1T8_AG25T99_F","Mean years of schooling (ISCED 1 or higher), population 25+ years, female","GRL","Greenland","2018","2018",11.09171,,
"MYS_1T8_AG25T99_F","Mean years of schooling (ISCED 1 or higher), population 25+ years, female","SUR","Suriname","2018","2018",8.40818,,
"MYS_1T8_AG25T99_M","Mean years of schooling (ISCED 1 or higher), population 25+ years, male","KGZ","Kyrgyzstan","2009","2009",10.78879,,
"MYS_1T8_AG25T99_M","Mean years of schooling (ISCED 1 or higher), population 25+ years, male","KGZ","Kyrgyzstan","2018","2018",11.81299,,
"MYS_1T8_AG25T99_F","Mean years of schooling (ISCED 1 or higher), population 25+ years, female","CMR","Cameroon","2018","2018",5.50058,,
"MYS_1T8_AG25T99_M","Mean years of schooling (ISCED 1 or higher), population 25+ years, male","BLR","Belarus","2009","2009",11.35336,,
"MYS_1T8_AG25T99","Mean years of schooling (ISCED 1 or higher), population 25+ years, both sexes","MKD","North Macedonia","2018","2018",11.68542,,
"MYS_1T8_AG25T99_M","Mean years of schooling (ISCED 1 or higher), population 25+ years, male","UZB","Uzbekistan","2018","2018",11.96164,,
"MYS_1T8_AG25T99","Mean years of schooling (ISCED 1 or higher), population 25+ years, both sexes","MNG","Mongolia","2018","2018",10.90405,,
"MYS_1T8_AG25T99_M","Mean years of schooling (ISCED 1 or higher), population 25+ years, male","LKA","Sri Lanka","2009","2009",10.35054,,
"MYS_1T8_AG25T99_M","Mean years of schooling (ISCED 1 or higher), population 25+ years, male","LKA","Sri Lanka","2018","2018",10.65071,,
"MYS_1T8_AG25T99_M","Mean years of schooling (ISCED 1 or higher), population 25+ years, male","IRQ","Iraq","2018","2018",7.97385,,
"MYS_1T8_AG25T99_M","Mean years of schooling (ISCED 1 or higher), population 25+ years, male","COD","Democratic Republic of the Congo","2018","2018",8.79121,,
"MYS_1T8_AG25T99_M","Mean years of schooling (ISCED 1 or higher), population 25+ years, male","KEN","Kenya","2009","2009",7.09224,,
"MYS_1T8_AG25T99_F","Mean years of schooling (ISCED 1 or higher), population 25+ years, female","MLI","Mali","2018","2018",1.23512,,
"MYS_1T8_AG25T99_M","Mean years of schooling (ISCED 1 or higher), population 25+ years, male","ARE","United Arab Emirates","2018","2018",12.68007,,
"MYS_1T8_AG25T99_M","Mean years of schooling (ISCED 1 or higher), population 25+ years, male","KIR","Kiribati","2018","2018",8.97213,,
"MYS_1T8_AG25T99_F","Mean years of schooling (ISCED 1 or higher), population 25+ years, female","TTO","Trinidad and Tobago","2009","2009",10.28294,,
"MYS_1T8_AG25T99_M","Mean years of schooling (ISCED 1 or higher), population 25+ years, male","KHM","Cambodia","2009","2009",4.9778,,
"MYS_1T8_AG25T99_F","Mean years of schooling (ISCED 1 or higher), population 25+ years, female","GMB","Gambia","2018","2018",3.21515,,
"MYS_1T8_AG25T99_M","Mean years of schooling (ISCED 1 or higher), population 25+ years, male","MNG","Mongolia","2018","2018",10.318,,
"MYS_1T8_AG25T99_M","Mean years of schooling (ISCED 1 or higher), population 25+ years, male","BOL","Bolivia (Plurinational State of)","2009","2009",8.23717,,
"MYS_1T8_AG25T99_M","Mean years of schooling (ISCED 1 or higher), population 25+ years, male","MOZ","Mozambique","2009","2009",2.83451,,
"MYS_1T8_AG25T99","Mean years of schooling (ISCED 1 or higher), population 25+ years, both sexes","GIN","Guinea","2018","2018",2.1292,,
"MYS_1T8_AG25T99","Mean years of schooling (ISCED 1 or higher), population 25+ years, both sexes","BFA","Burkina Faso","2018","2018",1.91952,,
"MYS_1T8_AG25T99","Mean years of schooling (ISCED 1 or higher), population 25+ years, both sexes","NER","Niger","2018","2018",1.24591,,
"MYS_1T8_AG25T99_F","Mean years of schooling (ISCED 1 or higher), population 25+ years, female","KIR","Kiribati","2018","2018",9.09419,,
"MYS_1T8_AG25T99","Mean years of schooling (ISCED 1 or higher), population 25+ years, both sexes","KGZ","Kyrgyzstan","2009","2009",10.86235,,
"MYS_1T8_AG25T99","Mean years of schooling (ISCED 1 or higher), population 25+ years, both sexes","KGZ","Kyrgyzstan","2018","2018",11.75653,,
"MYS_1T8_AG25T99_M","Mean years of schooling (ISCED 1 or higher), population 25+ years, male","GMB","Gambia","2018","2018",5.16806,,
"MYS_1T8_AG25T99_M","Mean years of schooling (ISCED 1 or higher), population 25+ years, male","NGA","Nigeria","2018","2018",8.00315,,
"MYS_1T8_AG25T99","Mean years of schooling (ISCED 1 or higher), population 25+ years, both sexes","ZMB","Zambia","2018","2018",7.02935,,
"MYS_1T8_AG25T99_F","Mean years of schooling (ISCED 1 or higher), population 25+ years, female","MKD","North Macedonia","2018","2018",11.19892,,
"MYS_1T8_AG25T99_F","Mean years of schooling (ISCED 1 or higher), population 25+ years, female","NGA","Nigeria","2018","2018",5.85416,,
"MYS_1T8_AG25T99","Mean years of schooling (ISCED 1 or higher), population 25+ years, both sexes","KIR","Kiribati","2018","2018",9.0374,,
"MYS_1T8_AG25T99_F","Mean years of schooling (ISCED 1 or higher), population 25+ years, female","SMR","San Marino","2018","2018",10.89808,,
"MYS_1T8_AG25T99","Mean years of schooling (ISCED 1 or higher), population 25+ years, both sexes","NGA","Nigeria","2018","2018",6.91902,,
"MYS_1T8_AG25T99_F","Mean years of schooling (ISCED 1 or higher), population 25+ years, female","MDG","Madagascar","2018","2018",4.84905,,
"MYS_1T8_AG25T99","Mean years of schooling (ISCED 1 or higher), population 25+ years, both sexes","MDG","Madagascar","2018","2018",5.07324,,
"MYS_1T8_AG25T99_M","Mean years of schooling (ISCED 1 or higher), population 25+ years, male","MDG","Madagascar","2018","2018",5.31147,,
"MYS_1T8_AG25T99_GPIA","Mean years of schooling (ISCED 1 or higher), population 25+ years, adjusted gender parity index (GPIA)","MEX","Mexico","2009","2009",0.91644,,
"MYS_1T8_AG25T99_GPIA","Mean years of schooling (ISCED 1 or higher), population 25+ years, adjusted gender parity index (GPIA)","MEX","Mexico","2018","2018",0.96315,,
"MYS_1T8_AG25T99_GPIA","Mean years of schooling (ISCED 1 or higher), population 25+ years, adjusted gender parity index (GPIA)","KEN","Kenya","2009","2009",0.78609,,
"MYS_1T8_AG25T99_GPIA","Mean years of schooling (ISCED 1 or higher), population 25+ years, adjusted gender parity index (GPIA)","VNM","Viet Nam","2009","2009",0.86668,,
"MYS_1T8_AG25T99_GPIA","Mean years of schooling (ISCED 1 or higher), population 25+ years, adjusted gender parity index (GPIA)","CRI","Costa Rica","2009","2009",0.9939,,
"MYS_1T8_AG25T99_GPIA","Mean years of schooling (ISCED 1 or higher), population 25+ years, adjusted gender parity index (GPIA)","CRI","Costa Rica","2018","2018",1.02695,,
"MYS_1T8_AG25T99_GPIA","Mean years of schooling (ISCED 1 or higher), population 25+ years, adjusted gender parity index (GPIA)","QAT","Qatar","2009","2009",1.15611,,
"MYS_1T8_AG25T99_GPIA","Mean years of schooling (ISCED 1 or higher), population 25+ years, adjusted gender parity index (GPIA)","IDN","Indonesia","2009","2009",0.85442,,
"MYS_1T8_AG25T99_GPIA","Mean years of schooling (ISCED 1 or higher), population 25+ years, adjusted gender parity index (GPIA)","IDN","Indonesia","2018","2018",0.90507,,
"MYS_1T8_AG25T99_GPIA","Mean years of schooling (ISCED 1 or higher), population 25+ years, adjusted gender parity index (GPIA)","SGP","Singapore","2009","2009",0.92126,,
"MYS_1T8_AG25T99_GPIA","Mean years of schooling (ISCED 1 or higher), population 25+ years, adjusted gender parity index (GPIA)","SGP","Singapore","2018","2018",0.93193,,
"MYS_1T8_AG25T99_GPIA","Mean years of schooling (ISCED 1 or higher), population 25+ years, adjusted gender parity index (GPIA)","USA","United States of America","2009","2009",1.00022,,
"MYS_1T8_AG25T99_GPIA","Mean years of schooling (ISCED 1 or higher), population 25+ years, adjusted gender parity index (GPIA)","USA","United States of America","2018","2018",1.00402,,
"MYS_1T8_AG25T99_GPIA","Mean years of schooling (ISCED 1 or higher), population 25+ years, adjusted gender parity index (GPIA)","SLV","El Salvador","2009","2009",0.89705,,
"MYS_1T8_AG25T99_GPIA","Mean years of schooling (ISCED 1 or higher), population 25+ years, adjusted gender parity index (GPIA)","NLD","Netherlands","2009","2009",0.94478,,
"MYS_1T8_AG25T99_GPIA","Mean years of schooling (ISCED 1 or higher), population 25+ years, adjusted gender parity index (GPIA)","NLD","Netherlands","2018","2018",0.96079,,
"MYS_1T8_AG25T99_GPIA","Mean years of schooling (ISCED 1 or higher), population 25+ years, adjusted gender parity index (GPIA)","EST","Estonia","2009","2009",1.0577,,
"MYS_1T8_AG25T99_GPIA","Mean years of schooling (ISCED 1 or higher), population 25+ years, adjusted gender parity index (GPIA)","EST","Estonia","2018","2018",1.07088,,
"MYS_1T8_AG25T99_GPIA","Mean years of schooling (ISCED 1 or higher), population 25+ years, adjusted gender parity index (GPIA)","HND","Honduras","2018","2018",1.03251,,
"MYS_1T8_AG25T99_GPIA","Mean years of schooling (ISCED 1 or higher), population 25+ years, adjusted gender parity index (GPIA)","TUN","Tunisia","2018","2018",0.81489,,
"MYS_1T8_AG25T99_GPIA","Mean years of schooling (ISCED 1 or higher), population 25+ years, adjusted gender parity index (GPIA)","FIN","Finland","2009","2009",1.01251,,
"MYS_1T8_AG25T99_GPIA","Mean years of schooling (ISCED 1 or higher), population 25+ years, adjusted gender parity index (GPIA)","PER","Peru","2009","2009",0.84077,,
"MYS_1T8_AG25T99_GPIA","Mean years of schooling (ISCED 1 or higher), population 25+ years, adjusted gender parity index (GPIA)","PER","Peru","2018","2018",0.89159,,
"MYS_1T8_AG25T99_GPIA","Mean years of schooling (ISCED 1 or higher), population 25+ years, adjusted gender parity index (GPIA)","MDA","Republic of Moldova","2009","2009",0.98813,,
"MYS_1T8_AG25T99_GPIA","Mean years of schooling (ISCED 1 or higher), population 25+ years, adjusted gender parity index (GPIA)","MDA","Republic of Moldova","2018","2018",1.00698,,
"MYS_1T8_AG25T99_GPIA","Mean years of schooling (ISCED 1 or higher), population 25+ years, adjusted gender parity index (GPIA)","ECU","Ecuador","2009","2009",0.96438,,
"MYS_1T8_AG25T99_GPIA","Mean years of schooling (ISCED 1 or higher), population 25+ years, adjusted gender parity index (GPIA)","ITA","Italy","2009","2009",0.93977,,
"MYS_1T8_AG25T99_GPIA","Mean years of schooling (ISCED 1 or higher), population 25+ years, adjusted gender parity index (GPIA)","PAK","Pakistan","2009","2009",0.47614,,
"MYS_1T8_AG25T99_GPIA","Mean years of schooling (ISCED 1 or higher), population 25+ years, adjusted gender parity index (GPIA)","PAK","Pakistan","2018","2018",0.60936,,
"MYS_1T8_AG25T99_GPIA","Mean years of schooling (ISCED 1 or higher), population 25+ years, adjusted gender parity index (GPIA)","FRA","France","2009","2009",0.97444,,
"MYS_1T8_AG25T99_GPIA","Mean years of schooling (ISCED 1 or higher), population 25+ years, adjusted gender parity index (GPIA)","ZMB","Zambia","2018","2018",0.7594,,
"MYS_1T8_AG25T99_GPIA","Mean years of schooling (ISCED 1 or higher), population 25+ years, adjusted gender parity index (GPIA)","ESP","Spain","2009","2009",0.94924,,
"MYS_1T8_AG25T99_GPIA","Mean years of schooling (ISCED 1 or higher), population 25+ years, adjusted gender parity index (GPIA)","ESP","Spain","2018","2018",0.98111,,
"MYS_1T8_AG25T99_GPIA","Mean years of schooling (ISCED 1 or higher), population 25+ years, adjusted gender parity index (GPIA)","SVN","Slovenia","2009","2009",0.966,,
"MYS_1T8_AG25T99_GPIA","Mean years of schooling (ISCED 1 or higher), population 25+ years, adjusted gender parity index (GPIA)","HUN","Hungary","2009","2009",0.97201,,
"MYS_1T8_AG25T99_GPIA","Mean years of schooling (ISCED 1 or higher), population 25+ years, adjusted gender parity index (GPIA)","CZE","Czechia","2009","2009",0.94713,,
"MYS_1T8_AG25T99_GPIA","Mean years of schooling (ISCED 1 or higher), population 25+ years, adjusted gender parity index (GPIA)","SWE","Sweden","2009","2009",1.01444,,
"MYS_1T8_AG25T99_GPIA","Mean years of schooling (ISCED 1 or higher), population 25+ years, adjusted gender parity index (GPIA)","PRT","Portugal","2009","2009",0.99032,,
"MYS_1T8_AG25T99_GPIA","Mean years of schooling (ISCED 1 or higher), population 25+ years, adjusted gender parity index (GPIA)","PRT","Portugal","2018","2018",1.0184,,
"MYS_1T8_AG25T99_GPIA","Mean years of schooling (ISCED 1 or higher), population 25+ years, adjusted gender parity index (GPIA)","PSE","Palestine","2009","2009",0.85357,,
"MYS_1T8_AG25T99_GPIA","Mean years of schooling (ISCED 1 or higher), population 25+ years, adjusted gender parity index (GPIA)","PSE","Palestine","2018","2018",0.97833,,
"MYS_1T8_AG25T99_GPIA","Mean years of schooling (ISCED 1 or higher), population 25+ years, adjusted gender parity index (GPIA)","ZAF","South Africa","2009","2009",0.94589,,
"MYS_1T8_AG25T99_GPIA","Mean years of schooling (ISCED 1 or higher), population 25+ years, adjusted gender parity index (GPIA)","BFA","Burkina Faso","2018","2018",0.56776,,
"MYS_1T8_AG25T99_GPIA","Mean years of schooling (ISCED 1 or higher), population 25+ years, adjusted gender parity index (GPIA)","VEN","Venezuela (Bolivarian Republic of)","2009","2009",1.06043,,
"MYS_1T8_AG25T99_GPIA","Mean years of schooling (ISCED 1 or higher), population 25+ years, adjusted gender parity index (GPIA)","LKA","Sri Lanka","2009","2009",0.97199,,
"MYS_1T8_AG25T99_GPIA","Mean years of schooling (ISCED 1 or higher), population 25+ years, adjusted gender parity index (GPIA)","LKA","Sri Lanka","2018","2018",0.9987,,
"MYS_1T8_AG25T99_GPIA","Mean years of schooling (ISCED 1 or higher), population 25+ years, adjusted gender parity index (GPIA)","TTO","Trinidad and Tobago","2009","2009",0.99656,,
"MYS_1T8_AG25T99_GPIA","Mean years of schooling (ISCED 1 or higher), population 25+ years, adjusted gender parity index (GPIA)","GMB","Gambia","2018","2018",0.62212,,
"MYS_1T8_AG25T99_GPIA","Mean years of schooling (ISCED 1 or higher), population 25+ years, adjusted gender parity index (GPIA)","MYS","Malaysia","2009","2009",0.9373,,
"MYS_1T8_AG25T99_GPIA","Mean years of schooling (ISCED 1 or higher), population 25+ years, adjusted gender parity index (GPIA)","RWA","Rwanda","2018","2018",0.81394,,
"MYS_1T8_AG25T99_GPIA","Mean years of schooling (ISCED 1 or higher), population 25+ years, adjusted gender parity index (GPIA)","BRA","Brazil","2009","2009",1.03811,,
"MYS_1T8_AG25T99_GPIA","Mean years of schooling (ISCED 1 or higher), population 25+ years, adjusted gender parity index (GPIA)","BRA","Brazil","2018","2018",1.05283,,
"MYS_1T8_AG25T99_GPIA","Mean years of schooling (ISCED 1 or higher), population 25+ years, adjusted gender parity index (GPIA)","POL","Poland","2009","2009",0.99329,,
"MYS_1T8_AG25T99_GPIA","Mean years of schooling (ISCED 1 or higher), population 25+ years, adjusted gender parity index (GPIA)","HKG","China, Hong Kong Special Administrative Region","2009","2009",0.91431,,
"MYS_1T8_AG25T99_GPIA","Mean years of schooling (ISCED 1 or higher), population 25+ years, adjusted gender parity index (GPIA)","GIN","Guinea","2018","2018",0.38783,,
"MYS_1T8_AG25T99_GPIA","Mean years of schooling (ISCED 1 or higher), population 25+ years, adjusted gender parity index (GPIA)","AUT","Austria","2009","2009",0.9254,,
"MYS_1T8_AG25T99_GPIA","Mean years of schooling (ISCED 1 or higher), population 25+ years, adjusted gender parity index (GPIA)","ROU","Romania","2009","2009",0.91561,,
"MYS_1T8_AG25T99_GPIA","Mean years of schooling (ISCED 1 or higher), population 25+ years, adjusted gender parity index (GPIA)","URY","Uruguay","2009","2009",1.04525,,
"MYS_1T8_AG25T99_GPIA","Mean years of schooling (ISCED 1 or higher), population 25+ years, adjusted gender parity index (GPIA)","URY","Uruguay","2018","2018",1.06124,,
"MYS_1T8_AG25T99_GPIA","Mean years of schooling (ISCED 1 or higher), population 25+ years, adjusted gender parity index (GPIA)","GEO","Georgia","2018","2018",1.00407,,
"MYS_1T8_AG25T99_GPIA","Mean years of schooling (ISCED 1 or higher), population 25+ years, adjusted gender parity index (GPIA)","DEU","Germany","2009","2009",0.93086,,
"MYS_1T8_AG25T99_GPIA","Mean years of schooling (ISCED 1 or higher), population 25+ years, adjusted gender parity index (GPIA)","DEU","Germany","2018","2018",0.96114,,
"MYS_1T8_AG25T99_GPIA","Mean years of schooling (ISCED 1 or higher), population 25+ years, adjusted gender parity index (GPIA)","BEL","Belgium","2009","2009",0.951,,
"MYS_1T8_AG25T99_GPIA","Mean years of schooling (ISCED 1 or higher), population 25+ years, adjusted gender parity index (GPIA)","PRY","Paraguay","2009","2009",0.91805,,
"MYS_1T8_AG25T99_GPIA","Mean years of schooling (ISCED 1 or higher), population 25+ years, adjusted gender parity index (GPIA)","PRY","Paraguay","2018","2018",1.0017,,
"MYS_1T8_AG25T99_GPIA","Mean years of schooling (ISCED 1 or higher), population 25+ years, adjusted gender parity index (GPIA)","NOR","Norway","2009","2009",1.00311,,
"MYS_1T8_AG25T99_GPIA","Mean years of schooling (ISCED 1 or higher), population 25+ years, adjusted gender parity index (GPIA)","IND","India","2018","2018",0.67943,,
"MYS_1T8_AG25T99_GPIA","Mean years of schooling (ISCED 1 or higher), population 25+ years, adjusted gender parity index (GPIA)","LTU","Lithuania","2009","2009",0.98816,,
"MYS_1T8_AG25T99_GPIA","Mean years of schooling (ISCED 1 or higher), population 25+ years, adjusted gender parity index (GPIA)","UZB","Uzbekistan","2018","2018",0.96919,,
"MYS_1T8_AG25T99_GPIA","Mean years of schooling (ISCED 1 or higher), population 25+ years, adjusted gender parity index (GPIA)","MOZ","Mozambique","2009","2009",0.61177,,
"MYS_1T8_AG25T99_GPIA","Mean years of schooling (ISCED 1 or higher), population 25+ years, adjusted gender parity index (GPIA)","BGR","Bulgaria","2009","2009",0.99842,,
"MYS_1T8_AG25T99_GPIA","Mean years of schooling (ISCED 1 or higher), population 25+ years, adjusted gender parity index (GPIA)","MLT","Malta","2018","2018",0.95693,,
"MYS_1T8_AG25T99_GPIA","Mean years of schooling (ISCED 1 or higher), population 25+ years, adjusted gender parity index (GPIA)","THA","Thailand","2018","2018",0.95214,,
"MYS_1T8_AG25T99_GPIA","Mean years of schooling (ISCED 1 or higher), population 25+ years, adjusted gender parity index (GPIA)","CHE","Switzerland","2009","2009",0.91667,,
"MYS_1T8_AG25T99_GPIA","Mean years of schooling (ISCED 1 or higher), population 25+ years, adjusted gender parity index (GPIA)","CHE","Switzerland","2018","2018",0.94155,,
"MYS_1T8_AG25T99_GPIA","Mean years of schooling (ISCED 1 or higher), population 25+ years, adjusted gender parity index (GPIA)","SRB","Serbia","2009","2009",0.88126,,
"MYS_1T8_AG25T99_GPIA","Mean years of schooling (ISCED 1 or higher), population 25+ years, adjusted gender parity index (GPIA)","TUR","Türkiye","2009","2009",0.76284,,
"MYS_1T8_AG25T99_GPIA","Mean years of schooling (ISCED 1 or higher), population 25+ years, adjusted gender parity index (GPIA)","COL","Colombia","2009","2009",1.01578,,
"MYS_1T8_AG25T99_GPIA","Mean years of schooling (ISCED 1 or higher), population 25+ years, adjusted gender parity index (GPIA)","COL","Colombia","2018","2018",1.03736,,
"MYS_1T8_AG25T99_GPIA","Mean years of schooling (ISCED 1 or higher), population 25+ years, adjusted gender parity index (GPIA)","SYR","Syrian Arab Republic","2009","2009",0.7609,,
"MYS_1T8_AG25T99_GPIA","Mean years of schooling (ISCED 1 or higher), population 25+ years, adjusted gender parity index (GPIA)","BHR","Bahrain","2018","2018",0.98269,,
"MYS_1T8_AG25T99_GPIA","Mean years of schooling (ISCED 1 or higher), population 25+ years, adjusted gender parity index (GPIA)","CHN","China","2018","2018",0.79925,,
"MYS_1T8_AG25T99_GPIA","Mean years of schooling (ISCED 1 or higher), population 25+ years, adjusted gender parity index (GPIA)","ARG","Argentina","2009","2009",1.02498,,
"MYS_1T8_AG25T99_GPIA","Mean years of schooling (ISCED 1 or higher), population 25+ years, adjusted gender parity index (GPIA)","ARG","Argentina","2018","2018",1.03676,,
"MYS_1T8_AG25T99_GPIA","Mean years of schooling (ISCED 1 or higher), population 25+ years, adjusted gender parity index (GPIA)","SVK","Slovakia","2018","2018",0.99101,,
"MYS_1T8_AG25T99_GPIA","Mean years of schooling (ISCED 1 or higher), population 25+ years, adjusted gender parity index (GPIA)","AUS","Australia","2009","2009",0.9967,,
"MYS_1T8_AG25T99_GPIA","Mean years of schooling (ISCED 1 or higher), population 25+ years, adjusted gender parity index (GPIA)","AUS","Australia","2018","2018",1.01033,,
"MYS_1T8_AG25T99_GPIA","Mean years of schooling (ISCED 1 or higher), population 25+ years, adjusted gender parity index (GPIA)","KOR","Republic of Korea","2009","2009",0.84187,,
"MYS_1T8_AG25T99_GPIA","Mean years of schooling (ISCED 1 or higher), population 25+ years, adjusted gender parity index (GPIA)","JOR","Jordan","2018","2018",0.93593,,
"MYS_1T8_AG25T99_GPIA","Mean years of schooling (ISCED 1 or higher), population 25+ years, adjusted gender parity index (GPIA)","CYP","Cyprus","2009","2009",0.94147,,
"MYS_1T8_AG25T99_GPIA","Mean years of schooling (ISCED 1 or higher), population 25+ years, adjusted gender parity index (GPIA)","CYP","Cyprus","2018","2018",0.99242,,
"MYS_1T8_AG25T99_GPIA","Mean years of schooling (ISCED 1 or higher), population 25+ years, adjusted gender parity index (GPIA)","AZE","Azerbaijan","2009","2009",0.93747,,
"MYS_1T8_AG25T99_GPIA","Mean years of schooling (ISCED 1 or higher), population 25+ years, adjusted gender parity index (GPIA)","AZE","Azerbaijan","2018","2018",0.93715,,
"MYS_1T8_AG25T99_GPIA","Mean years of schooling (ISCED 1 or higher), population 25+ years, adjusted gender parity index (GPIA)","BIH","Bosnia and Herzegovina","2018","2018",0.81548,,
"MYS_1T8_AG25T99_GPIA","Mean years of schooling (ISCED 1 or higher), population 25+ years, adjusted gender parity index (GPIA)","KWT","Kuwait","2018","2018",1.14309,,
"MYS_1T8_AG25T99_GPIA","Mean years of schooling (ISCED 1 or higher), population 25+ years, adjusted gender parity index (GPIA)","GBR","United Kingdom of Great Britain and Northern Ireland","2009","2009",0.98367,,
"MYS_1T8_AG25T99_GPIA","Mean years of schooling (ISCED 1 or higher), population 25+ years, adjusted gender parity index (GPIA)","LUX","Luxembourg","2009","2009",0.93876,,
"MYS_1T8_AG25T99_GPIA","Mean years of schooling (ISCED 1 or higher), population 25+ years, adjusted gender parity index (GPIA)","KAZ","Kazakhstan","2009","2009",1.00251,,
"MYS_1T8_AG25T99_GPIA","Mean years of schooling (ISCED 1 or higher), population 25+ years, adjusted gender parity index (GPIA)","KAZ","Kazakhstan","2018","2018",1.00494,,
"MYS_1T8_AG25T99_GPIA","Mean years of schooling (ISCED 1 or higher), population 25+ years, adjusted gender parity index (GPIA)","LVA","Latvia","2009","2009",1.04629,,
"MYS_1T8_AG25T99_GPIA","Mean years of schooling (ISCED 1 or higher), population 25+ years, adjusted gender parity index (GPIA)","LVA","Latvia","2018","2018",1.0536,,
"MYS_1T8_AG25T99_GPIA","Mean years of schooling (ISCED 1 or higher), population 25+ years, adjusted gender parity index (GPIA)","BOL","Bolivia (Plurinational State of)","2009","2009",0.82325,,
"MYS_1T8_AG25T99_GPIA","Mean years of schooling (ISCED 1 or higher), population 25+ years, adjusted gender parity index (GPIA)","KHM","Cambodia","2009","2009",0.61511,,
"MYS_1T8_AG25T99_GPIA","Mean years of schooling (ISCED 1 or higher), population 25+ years, adjusted gender parity index (GPIA)","DNK","Denmark","2009","2009",1.03272,,
"MYS_1T8_AG25T99_GPIA","Mean years of schooling (ISCED 1 or higher), population 25+ years, adjusted gender parity index (GPIA)","DNK","Denmark","2018","2018",1.03386,,
"MYS_1T8_AG25T99_GPIA","Mean years of schooling (ISCED 1 or higher), population 25+ years, adjusted gender parity index (GPIA)","TGO","Togo","2009","2009",0.41758,,
"MYS_1T8_AG25T99_GPIA","Mean years of schooling (ISCED 1 or higher), population 25+ years, adjusted gender parity index (GPIA)","BGD","Bangladesh","2018","2018",0.82846,,
"MYS_1T8_AG25T99_GPIA","Mean years of schooling (ISCED 1 or higher), population 25+ years, adjusted gender parity index (GPIA)","ISR","Israel","2009","2009",0.99579,,
"MYS_1T8_AG25T99_GPIA","Mean years of schooling (ISCED 1 or higher), population 25+ years, adjusted gender parity index (GPIA)","CMR","Cameroon","2018","2018",0.73787,,
"MYS_1T8_AG25T99_GPIA","Mean years of schooling (ISCED 1 or higher), population 25+ years, adjusted gender parity index (GPIA)","COD","Democratic Republic of the Congo","2018","2018",0.62821,,
"MYS_1T8_AG25T99_GPIA","Mean years of schooling (ISCED 1 or higher), population 25+ years, adjusted gender parity index (GPIA)","BLR","Belarus","2009","2009",0.97424,,
"MYS_1T8_AG25T99_GPIA","Mean years of schooling (ISCED 1 or higher), population 25+ years, adjusted gender parity index (GPIA)","TCD","Chad","2009","2009",0.32927,,
"MYS_1T8_AG25T99_GPIA","Mean years of schooling (ISCED 1 or higher), population 25+ years, adjusted gender parity index (GPIA)","LSO","Lesotho","2018","2018",1.17162,,
"MYS_1T8_AG25T99_GPIA","Mean years of schooling (ISCED 1 or higher), population 25+ years, adjusted gender parity index (GPIA)","SEN","Senegal","2018","2018",0.61422,,
"MYS_1T8_AG25T99_GPIA","Mean years of schooling (ISCED 1 or higher), population 25+ years, adjusted gender parity index (GPIA)","MNG","Mongolia","2018","2018",1.09633,,
"MYS_1T8_AG25T99_GPIA","Mean years of schooling (ISCED 1 or higher), population 25+ years, adjusted gender parity index (GPIA)","MKD","North Macedonia","2018","2018",0.91809,,
"MYS_1T8_AG25T99_GPIA","Mean years of schooling (ISCED 1 or higher), population 25+ years, adjusted gender parity index (GPIA)","ARE","United Arab Emirates","2018","2018",0.94052,,
"MYS_1T8_AG25T99_GPIA","Mean years of schooling (ISCED 1 or higher), population 25+ years, adjusted gender parity index (GPIA)","GRL","Greenland","2009","2009",1.00439,,
"MYS_1T8_AG25T99_GPIA","Mean years of schooling (ISCED 1 or higher), population 25+ years, adjusted gender parity index (GPIA)","GRL","Greenland","2018","2018",1.04157,,
"MYS_1T8_AG25T99_GPIA","Mean years of schooling (ISCED 1 or higher), population 25+ years, adjusted gender parity index (GPIA)","MNE","Montenegro","2018","2018",0.90899,,
"MYS_1T8_AG25T99_GPIA","Mean years of schooling (ISCED 1 or higher), population 25+ years, adjusted gender parity index (GPIA)","MLI","Mali","2018","2018",0.48251,,
"MYS_1T8_AG25T99_GPIA","Mean years of schooling (ISCED 1 or higher), population 25+ years, adjusted gender parity index (GPIA)","TZA","United Republic of Tanzania","2018","2018",0.80627,,
"MYS_1T8_AG25T99_GPIA","Mean years of schooling (ISCED 1 or higher), population 25+ years, adjusted gender parity index (GPIA)","SUR","Suriname","2018","2018",1.02608,,
"MYS_1T8_AG25T99_GPIA","Mean years of schooling (ISCED 1 or higher), population 25+ years, adjusted gender parity index (GPIA)","KGZ","Kyrgyzstan","2009","2009",1.0131,,
"MYS_1T8_AG25T99_GPIA","Mean years of schooling (ISCED 1 or higher), population 25+ years, adjusted gender parity index (GPIA)","KGZ","Kyrgyzstan","2018","2018",0.99097,,
"MYS_1T8_AG25T99_GPIA","Mean years of schooling (ISCED 1 or higher), population 25+ years, adjusted gender parity index (GPIA)","NER","Niger","2018","2018",0.51691,,
"MYS_1T8_AG25T99_GPIA","Mean years of schooling (ISCED 1 or higher), population 25+ years, adjusted gender parity index (GPIA)","MDG","Madagascar","2018","2018",0.91294,,
"MYS_1T8_AG25T99_GPIA","Mean years of schooling (ISCED 1 or higher), population 25+ years, adjusted gender parity index (GPIA)","KIR","Kiribati","2018","2018",1.01342,,
"MYS_1T8_AG25T99_GPIA","Mean years of schooling (ISCED 1 or higher), population 25+ years, adjusted gender parity index (GPIA)","SMR","San Marino","2018","2018",1.01863,,
"MYS_1T8_AG25T99_GPIA","Mean years of schooling (ISCED 1 or higher), population 25+ years, adjusted gender parity index (GPIA)","IRQ","Iraq","2018","2018",0.68273,,
"MYS_1T8_AG25T99_GPIA","Mean years of schooling (ISCED 1 or higher), population 25+ years, adjusted gender parity index (GPIA)","NGA","Nigeria","2018","2018",0.73148,,
"MYS_1T8_AG25T99_M","Mean years of schooling (ISCED 1 or higher), population 25+ years, male","PNG","Papua New Guinea","2018","2018",5.61285,,
"MYS_1T8_AG25T99_F","Mean years of schooling (ISCED 1 or higher), population 25+ years, female","PNG","Papua New Guinea","2018","2018",4.09359,,
"MYS_1T8_AG25T99_GPIA","Mean years of schooling (ISCED 1 or higher), population 25+ years, adjusted gender parity index (GPIA)","PNG","Papua New Guinea","2018","2018",0.72932,,
"MYS_1T8_AG25T99","Mean years of schooling (ISCED 1 or higher), population 25+ years, both sexes","PNG","Papua New Guinea","2018","2018",4.85106,,
